{
    "type": "FeatureCollection",
    "name": "caminitos2",
    "crs": {
        "type": "name",
        "properties": {
            "name": "urn:ogc:def:crs:OGC:1.3:CRS84"
        }
    },
    "features": [
        {
            "type": "Feature",
            "properties": {
                "id": null
            },
            "geometry": {
                "type": "MultiLineString",
                "coordinates": [
                    [
                        [
                            -103.436157423652418,
                            25.532701313689877
                        ],
                        [
                            -103.436431622511321,
                            25.532697370734578
                        ],
                        [
                            -103.436728762310608,
                            25.532702299428674
                        ],
                        [
                            -103.436729854736328,
                            25.532872832119754
                        ],
                        [
                            -103.436984389932022,
                            25.532870860644937
                        ]
                    ],
                    [
                        [
                            -103.436077689897218,
                            25.53034820069028
                        ],
                        [
                            -103.436932130216704,
                            25.530350801062308
                        ]
                    ],
                    [
                        [
                            -103.436817694308573,
                            25.533533064959791
                        ],
                        [
                            -103.436604342065522,
                            25.533534971046961
                        ],
                        [
                            -103.436600500955208,
                            25.533446341405106
                        ]
                    ],
                    [
                        [
                            -103.436730391790476,
                            25.53287291482733
                        ],
                        [
                            -103.436154191100115,
                            25.532874208360738
                        ]
                    ],
                    [
                        [
                            -103.436684958009579,
                            25.532169990078888
                        ],
                        [
                            -103.436354418607664,
                            25.532170910634605
                        ],
                        [
                            -103.436354418607664,
                            25.532236270072804
                        ],
                        [
                            -103.436179967256678,
                            25.532239952293615
                        ]
                    ],
                    [
                        [
                            -103.436650814831282,
                            25.533536877134093
                        ],
                        [
                            -103.436643421436742,
                            25.533944779084401
                        ],
                        [
                            -103.436354022849613,
                            25.533935248680827
                        ],
                        [
                            -103.436280088903985,
                            25.533980041571027
                        ],
                        [
                            -103.436147007801864,
                            25.533979088530991
                        ]
                    ],
                    [
                        [
                            -103.436598595266631,
                            25.533364410678619
                        ],
                        [
                            -103.436642365237532,
                            25.533365329170518
                        ],
                        [
                            -103.436642365237532,
                            25.533343409135277
                        ]
                    ],
                    [
                        [
                            -103.43662901359275,
                            25.532951525212709
                        ],
                        [
                            -103.436632928659265,
                            25.532951539343557
                        ]
                    ],
                    [
                        [
                            -103.436591891174658,
                            25.533162766074156
                        ],
                        [
                            -103.43663281258462,
                            25.533162418345068
                        ]
                    ],
                    [
                        [
                            -103.43662901359275,
                            25.532951525212709
                        ],
                        [
                            -103.436631803245305,
                            25.53309752324801
                        ],
                        [
                            -103.436888459656501,
                            25.533099429342098
                        ],
                        [
                            -103.436890572054978,
                            25.533343409135277
                        ],
                        [
                            -103.436641309038308,
                            25.533340549999952
                        ],
                        [
                            -103.436631803245305,
                            25.533099429342094
                        ]
                    ],
                    [
                        [
                            -103.436627578448437,
                            25.532876416128261
                        ],
                        [
                            -103.43662901359275,
                            25.532951525212709
                        ]
                    ],
                    [
                        [
                            -103.436122836989711,
                            25.532949698244085
                        ],
                        [
                            -103.43662901359275,
                            25.532951525212709
                        ]
                    ],
                    [
                        [
                            -103.436602229667059,
                            25.533446337961674
                        ],
                        [
                            -103.436600500955208,
                            25.533446341405106
                        ]
                    ],
                    [
                        [
                            -103.436600500955208,
                            25.533446341405106
                        ],
                        [
                            -103.436124203893442,
                            25.533447290144498
                        ]
                    ],
                    [
                        [
                            -103.436600500955208,
                            25.533446341405106
                        ],
                        [
                            -103.436596948670953,
                            25.533364376125597
                        ],
                        [
                            -103.436598595266631,
                            25.533364410678619
                        ]
                    ],
                    [
                        [
                            -103.436598663832413,
                            25.533366472989293
                        ],
                        [
                            -103.436598595266631,
                            25.533364410678619
                        ]
                    ],
                    [
                        [
                            -103.436598595266631,
                            25.533364410678619
                        ],
                        [
                            -103.436591891174658,
                            25.533162766074156
                        ]
                    ],
                    [
                        [
                            -103.436122155343028,
                            25.533166757647582
                        ],
                        [
                            -103.436591891174658,
                            25.533162766074156
                        ]
                    ],
                    [
                        [
                            -103.436591891174658,
                            25.533162766074156
                        ],
                        [
                            -103.43659183408198,
                            25.533161048849642
                        ]
                    ],
                    [
                        [
                            -103.436349356802324,
                            25.535181217236644
                        ],
                        [
                            -103.436396722012574,
                            25.535181217236644
                        ]
                    ],
                    [
                        [
                            -103.436350002738294,
                            25.535180558372449
                        ],
                        [
                            -103.436349356802324,
                            25.535181217236644
                        ]
                    ],
                    [
                        [
                            -103.436292728066618,
                            25.53504407153628
                        ],
                        [
                            -103.436348089424712,
                            25.535181217236644
                        ],
                        [
                            -103.436349356802324,
                            25.535181217236644
                        ]
                    ],
                    [
                        [
                            -103.436349356802324,
                            25.535181217236644
                        ],
                        [
                            -103.436331889580956,
                            25.53519903405935
                        ],
                        [
                            -103.435838109161537,
                            25.535190506819593
                        ]
                    ],
                    [
                        [
                            -103.436294390942294,
                            25.535044085301866
                        ],
                        [
                            -103.436292728066618,
                            25.53504407153628
                        ]
                    ],
                    [
                        [
                            -103.436289579973419,
                            25.534916985712236
                        ],
                        [
                            -103.436293377763363,
                            25.534927980141177
                        ],
                        [
                            -103.43629236458446,
                            25.535043171088443
                        ],
                        [
                            -103.436292728066618,
                            25.53504407153628
                        ]
                    ],
                    [
                        [
                            -103.436292728066618,
                            25.53504407153628
                        ],
                        [
                            -103.435693569605505,
                            25.535039111593548
                        ]
                    ],
                    [
                        [
                            -103.436289579973419,
                            25.534916985712236
                        ],
                        [
                            -103.436291351405529,
                            25.534917009569007
                        ]
                    ],
                    [
                        [
                            -103.435966189451392,
                            25.53468936356904
                        ],
                        [
                            -103.435966120974271,
                            25.53471222537086
                        ],
                        [
                            -103.436220428881612,
                            25.534716796450532
                        ],
                        [
                            -103.436289579973419,
                            25.534916985712236
                        ]
                    ],
                    [
                        [
                            -103.435691551815594,
                            25.534908931765337
                        ],
                        [
                            -103.436289579973419,
                            25.534916985712236
                        ]
                    ],
                    [
                        [
                            -103.436282201302447,
                            25.533448244050206
                        ],
                        [
                            -103.436127664235585,
                            25.53361045433028
                        ]
                    ],
                    [
                        [
                            -103.436169769935901,
                            25.534161489073849
                        ],
                        [
                            -103.436272237222994,
                            25.534155755173138
                        ]
                    ],
                    [
                        [
                            -103.4362214420605,
                            25.534714053802748
                        ],
                        [
                            -103.436223468418348,
                            25.534669257213476
                        ],
                        [
                            -103.435966782275585,
                            25.534491443010005
                        ]
                    ],
                    [
                        [
                            -103.436175737981728,
                            25.529332631385124
                        ],
                        [
                            -103.436163298944621,
                            25.529425233877166
                        ],
                        [
                            -103.436254518550257,
                            25.529441135308009
                        ],
                        [
                            -103.436117689141781,
                            25.529753551227543
                        ],
                        [
                            -103.436013021166914,
                            25.529747995441454
                        ]
                    ],
                    [
                        [
                            -103.436169769935901,
                            25.534160951885617
                        ],
                        [
                            -103.436169769935901,
                            25.534161489073849
                        ]
                    ],
                    [
                        [
                            -103.436150261728315,
                            25.534162580721034
                        ],
                        [
                            -103.436169769935901,
                            25.534161489073849
                        ]
                    ],
                    [
                        [
                            -103.436169769935901,
                            25.534161489073849
                        ],
                        [
                            -103.436169769935901,
                            25.534373964992071
                        ],
                        [
                            -103.435967134153174,
                            25.534373964992071
                        ],
                        [
                            -103.435966819261495,
                            25.534479094875302
                        ]
                    ],
                    [
                        [
                            -103.4361596085039,
                            25.532559367217608
                        ],
                        [
                            -103.435832460498503,
                            25.532560347944816
                        ]
                    ],
                    [
                        [
                            -103.436154191100115,
                            25.532874208360738
                        ],
                        [
                            -103.436149298382645,
                            25.532874219344574
                        ]
                    ],
                    [
                        [
                            -103.436012867898995,
                            25.53287672046277
                        ],
                        [
                            -103.436154146375202,
                            25.532876775069283
                        ],
                        [
                            -103.436154191100115,
                            25.532874208360738
                        ]
                    ],
                    [
                        [
                            -103.436154191100115,
                            25.532874208360738
                        ],
                        [
                            -103.436159608503885,
                            25.532563310177437
                        ],
                        [
                            -103.436183641870016,
                            25.532154227404067
                        ],
                        [
                            -103.435971711277872,
                            25.532150284430784
                        ],
                        [
                            -103.435959786718712,
                            25.531809875112451
                        ]
                    ],
                    [
                        [
                            -103.436150259833198,
                            25.534162580827083
                        ],
                        [
                            -103.436150261728315,
                            25.534162580721034
                        ]
                    ],
                    [
                        [
                            -103.436150259833198,
                            25.534162580827083
                        ],
                        [
                            -103.436150261729594,
                            25.534162580765454
                        ],
                        [
                            -103.436150261728315,
                            25.534162580721034
                        ]
                    ],
                    [
                        [
                            -103.436150261728315,
                            25.534162580721034
                        ],
                        [
                            -103.436144777894285,
                            25.533972140210679
                        ]
                    ],
                    [
                        [
                            -103.435961385638791,
                            25.534168718703729
                        ],
                        [
                            -103.436150259833198,
                            25.534162580827083
                        ]
                    ],
                    [
                        [
                            -103.436150011847161,
                            25.534162594703972
                        ],
                        [
                            -103.436150259833198,
                            25.534162580827083
                        ]
                    ],
                    [
                        [
                            -103.436127664235585,
                            25.53361045433028
                        ],
                        [
                            -103.436126940016649,
                            25.533611214508777
                        ]
                    ],
                    [
                        [
                            -103.436127664235585,
                            25.53361045433028
                        ],
                        [
                            -103.436144777894384,
                            25.533972140210484
                        ],
                        [
                            -103.435964704719765,
                            25.533969293671269
                        ]
                    ],
                    [
                        [
                            -103.436124178523883,
                            25.533536786114883
                        ],
                        [
                            -103.436127664235585,
                            25.53361045433028
                        ]
                    ],
                    [
                        [
                            -103.436125116590716,
                            25.533317345209472
                        ],
                        [
                            -103.436124203893442,
                            25.533317345209472
                        ]
                    ],
                    [
                        [
                            -103.436124203893442,
                            25.533301716577643
                        ],
                        [
                            -103.436124203893442,
                            25.533317345209472
                        ]
                    ],
                    [
                        [
                            -103.436124203893442,
                            25.533317345209472
                        ],
                        [
                            -103.436048943867632,
                            25.533317345209472
                        ]
                    ],
                    [
                        [
                            -103.436124203893442,
                            25.533317345209472
                        ],
                        [
                            -103.436124203893442,
                            25.533447290144498
                        ]
                    ],
                    [
                        [
                            -103.436124203893442,
                            25.533447290144498
                        ],
                        [
                            -103.436123771419005,
                            25.533447291005945
                        ]
                    ],
                    [
                        [
                            -103.436124203893442,
                            25.533447290144498
                        ],
                        [
                            -103.436124203893442,
                            25.533536252497587
                        ],
                        [
                            -103.435965859151665,
                            25.533536252497587
                        ]
                    ],
                    [
                        [
                            -103.436119038832402,
                            25.53299149113144
                        ],
                        [
                            -103.436124176884846,
                            25.532879208382774
                        ]
                    ],
                    [
                        [
                            -103.436124016705392,
                            25.533301357629014
                        ],
                        [
                            -103.436122155343028,
                            25.533166757647582
                        ]
                    ],
                    [
                        [
                            -103.436119356831881,
                            25.533166781427891
                        ],
                        [
                            -103.436122155343028,
                            25.533166757647582
                        ]
                    ],
                    [
                        [
                            -103.436122155343028,
                            25.533166757647582
                        ],
                        [
                            -103.436119036098319,
                            25.532991454733374
                        ],
                        [
                            -103.435847937125459,
                            25.532992965826704
                        ]
                    ],
                    [
                        [
                            -103.436081518987933,
                            25.530705931845365
                        ],
                        [
                            -103.436079003559101,
                            25.530705931845365
                        ]
                    ],
                    [
                        [
                            -103.436079113917259,
                            25.530677153752354
                        ],
                        [
                            -103.436079109864835,
                            25.530676217631395
                        ]
                    ],
                    [
                        [
                            -103.435930754050261,
                            25.530676217631395
                        ],
                        [
                            -103.436079109864835,
                            25.530676217631395
                        ]
                    ],
                    [
                        [
                            -103.436079109864835,
                            25.530676217631395
                        ],
                        [
                            -103.436079712418987,
                            25.530676217631395
                        ],
                        [
                            -103.436079003559101,
                            25.530705931845365
                        ]
                    ],
                    [
                        [
                            -103.436079109864835,
                            25.530676217631395
                        ],
                        [
                            -103.436077689897218,
                            25.53034820069028
                        ]
                    ],
                    [
                        [
                            -103.436079003559101,
                            25.530705931845365
                        ],
                        [
                            -103.435930152582756,
                            25.530705931845365
                        ]
                    ],
                    [
                        [
                            -103.436079003559101,
                            25.530705931845365
                        ],
                        [
                            -103.436059583742093,
                            25.531519977903091
                        ]
                    ],
                    [
                        [
                            -103.436077689897218,
                            25.53034820069028
                        ],
                        [
                            -103.436077673011354,
                            25.530344300003676
                        ],
                        [
                            -103.435978250503453,
                            25.53034560021543
                        ]
                    ],
                    [
                        [
                            -103.43607767301134,
                            25.53034820063889
                        ],
                        [
                            -103.436077689897218,
                            25.53034820069028
                        ]
                    ],
                    [
                        [
                            -103.436059903931962,
                            25.531519982884518
                        ],
                        [
                            -103.436059583742093,
                            25.531519977903091
                        ]
                    ],
                    [
                        [
                            -103.436059583742093,
                            25.531519977903091
                        ],
                        [
                            -103.436058152655107,
                            25.531579966661951
                        ],
                        [
                            -103.435966033663931,
                            25.531579966661951
                        ]
                    ],
                    [
                        [
                            -103.436059583742093,
                            25.531519977903091
                        ],
                        [
                            -103.43602128829707,
                            25.531519382112911
                        ]
                    ],
                    [
                        [
                            -103.436030325434288,
                            25.530709011494011
                        ],
                        [
                            -103.43602128829707,
                            25.531519382112911
                        ]
                    ],
                    [
                        [
                            -103.43602128829707,
                            25.531519382112911
                        ],
                        [
                            -103.436021224358072,
                            25.531525115597375
                        ]
                    ],
                    [
                        [
                            -103.43602128829707,
                            25.531519382112911
                        ],
                        [
                            -103.435927938326955,
                            25.53151792979931
                        ]
                    ],
                    [
                        [
                            -103.436012867899024,
                            25.53287672046358
                        ],
                        [
                            -103.436017528201958,
                            25.532992008717027
                        ]
                    ],
                    [
                        [
                            -103.435978786560526,
                            25.530227785813974
                        ],
                        [
                            -103.436015067085492,
                            25.530173534220552
                        ],
                        [
                            -103.436013021166914,
                            25.529747995441454
                        ]
                    ],
                    [
                        [
                            -103.436013021166914,
                            25.529747995441454
                        ],
                        [
                            -103.436012993912641,
                            25.529742326717574
                        ],
                        [
                            -103.435947688967687,
                            25.529741391341698
                        ],
                        [
                            -103.435946652381247,
                            25.529717071566314
                        ],
                        [
                            -103.435631530107301,
                            25.529720813070536
                        ],
                        [
                            -103.435633603280152,
                            25.529738585214023
                        ],
                        [
                            -103.435586956890916,
                            25.529740455965811
                        ],
                        [
                            -103.435582810545199,
                            25.530230591930216
                        ]
                    ],
                    [
                        [
                            -103.436013021166914,
                            25.529747995441454
                        ],
                        [
                            -103.436011957326173,
                            25.529747938972687
                        ]
                    ],
                    [
                        [
                            -103.436012867899208,
                            25.532876720463594
                        ],
                        [
                            -103.436012867899024,
                            25.53287672046358
                        ]
                    ],
                    [
                        [
                            -103.436012867898995,
                            25.53287672046277
                        ],
                        [
                            -103.436012867899024,
                            25.53287672046358
                        ]
                    ],
                    [
                        [
                            -103.436012867899024,
                            25.53287672046358
                        ],
                        [
                            -103.435742598765998,
                            25.532856796981886
                        ],
                        [
                            -103.435681779513232,
                            25.532717883069722
                        ],
                        [
                            -103.435235759460383,
                            25.532713400969424
                        ]
                    ],
                    [
                        [
                            -103.436012867897389,
                            25.53287672046277
                        ],
                        [
                            -103.436012867898995,
                            25.53287672046277
                        ]
                    ],
                    [
                        [
                            -103.43601058359863,
                            25.532820210617331
                        ],
                        [
                            -103.436012867898995,
                            25.53287672046277
                        ]
                    ],
                    [
                        [
                            -103.435966189451392,
                            25.53468936356904
                        ],
                        [
                            -103.43596814733209,
                            25.534689369969922
                        ]
                    ],
                    [
                        [
                            -103.435966819261495,
                            25.534479094875302
                        ],
                        [
                            -103.435967134153174,
                            25.534479100076858
                        ]
                    ],
                    [
                        [
                            -103.435739256853992,
                            25.534475335873108
                        ],
                        [
                            -103.435739256853992,
                            25.534375010163174
                        ],
                        [
                            -103.435966868584813,
                            25.534374378224182
                        ]
                    ],
                    [
                        [
                            -103.435966819261495,
                            25.534479094875302
                        ],
                        [
                            -103.435966782275585,
                            25.534491443010005
                        ]
                    ],
                    [
                        [
                            -103.435739256853992,
                            25.534475335873108
                        ],
                        [
                            -103.435966819261495,
                            25.534479094875302
                        ]
                    ],
                    [
                        [
                            -103.435966782275585,
                            25.534491443010005
                        ],
                        [
                            -103.435966189451392,
                            25.53468936356904
                        ]
                    ],
                    [
                        [
                            -103.435966782275585,
                            25.534491443010005
                        ],
                        [
                            -103.435966120974271,
                            25.534490984906718
                        ]
                    ],
                    [
                        [
                            -103.435827342373429,
                            25.53468890963746
                        ],
                        [
                            -103.435966189451392,
                            25.53468936356904
                        ]
                    ],
                    [
                        [
                            -103.435965859151665,
                            25.533536252497587
                        ],
                        [
                            -103.43596586249015,
                            25.533535807664183
                        ]
                    ],
                    [
                        [
                            -103.435965859151665,
                            25.533536252497587
                        ],
                        [
                            -103.435816188622894,
                            25.533536252497587
                        ]
                    ],
                    [
                        [
                            -103.435964682824292,
                            25.533692991398478
                        ],
                        [
                            -103.435965859151665,
                            25.533536252497587
                        ]
                    ],
                    [
                        [
                            -103.435964871407037,
                            25.533692990751465
                        ],
                        [
                            -103.435964682824292,
                            25.533692991398478
                        ]
                    ],
                    [
                        [
                            -103.435964778133723,
                            25.533969260549473
                        ],
                        [
                            -103.435964704719765,
                            25.533969293671269
                        ]
                    ],
                    [
                        [
                            -103.435964704719765,
                            25.533969293671269
                        ],
                        [
                            -103.435838992791886,
                            25.534026010472662
                        ],
                        [
                            -103.435613446661634,
                            25.534027967366079
                        ],
                        [
                            -103.435613420004344,
                            25.534028929511962
                        ]
                    ],
                    [
                        [
                            -103.435964704719765,
                            25.533969293671269
                        ],
                        [
                            -103.435962609420926,
                            25.533969260549455
                        ],
                        [
                            -103.435964682824292,
                            25.533692991398478
                        ]
                    ],
                    [
                        [
                            -103.435964682824292,
                            25.533692991398478
                        ],
                        [
                            -103.435817298588077,
                            25.533693497062
                        ]
                    ],
                    [
                        [
                            -103.435963282197534,
                            25.533970368809971
                        ],
                        [
                            -103.435961387230464,
                            25.534168715352614
                        ],
                        [
                            -103.435609870839571,
                            25.534182394412436
                        ]
                    ],
                    [
                        [
                            -103.435928100881256,
                            25.531121005899472
                        ],
                        [
                            -103.435925854103928,
                            25.531575545205776
                        ],
                        [
                            -103.435966033663888,
                            25.531576429497022
                        ],
                        [
                            -103.435960153728303,
                            25.531809882158615
                        ],
                        [
                            -103.435959786718712,
                            25.531809875112451
                        ]
                    ],
                    [
                        [
                            -103.435959786718712,
                            25.531809875112451
                        ],
                        [
                            -103.4359596945948,
                            25.531807245259383
                        ]
                    ],
                    [
                        [
                            -103.435959786718712,
                            25.531809875112451
                        ],
                        [
                            -103.435821975241524,
                            25.53180722929001
                        ],
                        [
                            -103.435822048870676,
                            25.531812517809254
                        ]
                    ],
                    [
                        [
                            -103.435928794071629,
                            25.530589556407701
                        ],
                        [
                            -103.435930728374558,
                            25.530589444997368
                        ]
                    ],
                    [
                        [
                            -103.435930728374558,
                            25.530589444997368
                        ],
                        [
                            -103.435930152582756,
                            25.530705931845365
                        ]
                    ],
                    [
                        [
                            -103.435930728374558,
                            25.530589444997368
                        ],
                        [
                            -103.435974853567217,
                            25.530586903512109
                        ],
                        [
                            -103.435978773524312,
                            25.530227877767615
                        ],
                        [
                            -103.435435859469891,
                            25.530233183574612
                        ]
                    ],
                    [
                        [
                            -103.435653417087451,
                            25.530578060526381
                        ],
                        [
                            -103.435930754050261,
                            25.53058425061646
                        ],
                        [
                            -103.435930728374558,
                            25.530589444997368
                        ]
                    ],
                    [
                        [
                            -103.435930152582756,
                            25.530705931845365
                        ],
                        [
                            -103.435929075961496,
                            25.530705931845365
                        ]
                    ],
                    [
                        [
                            -103.435930152582756,
                            25.530705931845365
                        ],
                        [
                            -103.435928100881256,
                            25.531121005899472
                        ]
                    ],
                    [
                        [
                            -103.435928100881256,
                            25.531121005899472
                        ],
                        [
                            -103.435928794071771,
                            25.531121018641166
                        ]
                    ],
                    [
                        [
                            -103.435390797276355,
                            25.531559630472774
                        ],
                        [
                            -103.435399599867111,
                            25.531111291400137
                        ],
                        [
                            -103.435928100881256,
                            25.531121005899472
                        ]
                    ],
                    [
                        [
                            -103.435926789610434,
                            25.531301195756953
                        ],
                        [
                            -103.435896439095075,
                            25.531301195756953
                        ]
                    ],
                    [
                        [
                            -103.435823935220071,
                            25.53180722929001
                        ],
                        [
                            -103.435820995252257,
                            25.531573776623251
                        ],
                        [
                            -103.435924874114676,
                            25.531573776623251
                        ]
                    ],
                    [
                        [
                            -103.435847937125459,
                            25.532992965826704
                        ],
                        [
                            -103.435847950297074,
                            25.532993169856837
                        ]
                    ],
                    [
                        [
                            -103.435847937125459,
                            25.532992965826704
                        ],
                        [
                            -103.435261175874729,
                            25.532996236407193
                        ],
                        [
                            -103.435257652421626,
                            25.533233627105194
                        ],
                        [
                            -103.435256005452743,
                            25.533233627105194
                        ]
                    ],
                    [
                        [
                            -103.435839662864012,
                            25.532864796435558
                        ],
                        [
                            -103.435847937125459,
                            25.532992965826704
                        ]
                    ],
                    [
                        [
                            -103.435840486788976,
                            25.53491061006811
                        ],
                        [
                            -103.435827342373429,
                            25.53468890963746
                        ]
                    ],
                    [
                        [
                            -103.435832460498503,
                            25.532560347944816
                        ],
                        [
                            -103.435836675080537,
                            25.532863066358484
                        ]
                    ],
                    [
                        [
                            -103.435832460498503,
                            25.532560347944816
                        ],
                        [
                            -103.435830788358359,
                            25.532560352957574
                        ]
                    ],
                    [
                        [
                            -103.435822841519737,
                            25.531869450967132
                        ],
                        [
                            -103.435832460498503,
                            25.532560347944816
                        ]
                    ],
                    [
                        [
                            -103.435625680010503,
                            25.532477671881377
                        ],
                        [
                            -103.435625692859304,
                            25.532479689241267
                        ],
                        [
                            -103.435829341820934,
                            25.532485174638943
                        ]
                    ],
                    [
                        [
                            -103.435827342373429,
                            25.53468890963746
                        ],
                        [
                            -103.435827315463087,
                            25.534688455753791
                        ]
                    ],
                    [
                        [
                            -103.435410162545608,
                            25.534687545754963
                        ],
                        [
                            -103.435827342373429,
                            25.53468890963746
                        ]
                    ],
                    [
                        [
                            -103.435826302284198,
                            25.531867151588933
                        ],
                        [
                            -103.435822841519737,
                            25.531869450967132
                        ]
                    ],
                    [
                        [
                            -103.435822955230805,
                            25.531812535027161
                        ],
                        [
                            -103.435822048870676,
                            25.531812517809254
                        ]
                    ],
                    [
                        [
                            -103.435822841519737,
                            25.531869450967132
                        ],
                        [
                            -103.43562265332254,
                            25.53200245868279
                        ],
                        [
                            -103.435624301195503,
                            25.532261187362984
                        ]
                    ],
                    [
                        [
                            -103.435822048870676,
                            25.531812517809254
                        ],
                        [
                            -103.435822841519737,
                            25.531869450967132
                        ]
                    ],
                    [
                        [
                            -103.435822048870676,
                            25.531812517809254
                        ],
                        [
                            -103.435636757269918,
                            25.531808997869089
                        ],
                        [
                            -103.435636757269918,
                            25.531696693046101
                        ],
                        [
                            -103.435820015263033,
                            25.53169404017499
                        ]
                    ],
                    [
                        [
                            -103.435820995252257,
                            25.531574660914508
                        ],
                        [
                            -103.435390779963669,
                            25.531560512253545
                        ],
                        [
                            -103.435390797276355,
                            25.531559630472774
                        ]
                    ],
                    [
                        [
                            -103.435817298588077,
                            25.533693497062
                        ],
                        [
                            -103.435817299429104,
                            25.533693616207369
                        ]
                    ],
                    [
                        [
                            -103.435817298588077,
                            25.533693497062
                        ],
                        [
                            -103.435794315251712,
                            25.53369357591599
                        ],
                        [
                            -103.435796909261683,
                            25.53375150718994
                        ],
                        [
                            -103.435347497034869,
                            25.533740974233133
                        ]
                    ],
                    [
                        [
                            -103.435816188622894,
                            25.533536252497587
                        ],
                        [
                            -103.435817298588077,
                            25.533693497062
                        ]
                    ],
                    [
                        [
                            -103.435816188622894,
                            25.533536252497587
                        ],
                        [
                            -103.435814661139744,
                            25.533536252497587
                        ],
                        [
                            -103.435814661139744,
                            25.533298518357391
                        ],
                        [
                            -103.435324354869493,
                            25.533294254063573
                        ],
                        [
                            -103.435323173408605,
                            25.533503204282074
                        ],
                        [
                            -103.434732442962584,
                            25.533496807852224
                        ],
                        [
                            -103.434691091831368,
                            25.533490411422015
                        ],
                        [
                            -103.434603663725369,
                            25.533324104117074
                        ],
                        [
                            -103.434493787862408,
                            25.533321971970651
                        ]
                    ],
                    [
                        [
                            -103.435816179242011,
                            25.533534923544238
                        ],
                        [
                            -103.435816188622894,
                            25.533536252497587
                        ]
                    ],
                    [
                        [
                            -103.435804012348058,
                            25.534910610068106
                        ],
                        [
                            -103.435804012348058,
                            25.535036771594275
                        ]
                    ],
                    [
                        [
                            -103.435739256853992,
                            25.534475488420799
                        ],
                        [
                            -103.435739256853992,
                            25.534475335873108
                        ]
                    ],
                    [
                        [
                            -103.435524400203818,
                            25.534469577543508
                        ],
                        [
                            -103.435524374967883,
                            25.534471786334809
                        ],
                        [
                            -103.435739256853992,
                            25.534475335873108
                        ]
                    ],
                    [
                        [
                            -103.435580471650113,
                            25.531334866075483
                        ],
                        [
                            -103.435722016336229,
                            25.531320869054877
                        ]
                    ],
                    [
                        [
                            -103.435693575846443,
                            25.535039514234672
                        ],
                        [
                            -103.435693569605505,
                            25.535039111593548
                        ]
                    ],
                    [
                        [
                            -103.435693569605505,
                            25.535039111593548
                        ],
                        [
                            -103.435691551815594,
                            25.534908931765337
                        ]
                    ],
                    [
                        [
                            -103.435693569605505,
                            25.535039111593548
                        ],
                        [
                            -103.435411581991715,
                            25.535036777248784
                        ]
                    ],
                    [
                        [
                            -103.435691551815594,
                            25.534908931765337
                        ],
                        [
                            -103.435691549488638,
                            25.534908781639217
                        ]
                    ],
                    [
                        [
                            -103.435411047011286,
                            25.534905154065626
                        ],
                        [
                            -103.435691551815594,
                            25.534908931765337
                        ]
                    ],
                    [
                        [
                            -103.435636985602201,
                            25.531809622400914
                        ],
                        [
                            -103.434985360969833,
                            25.531819553374209
                        ]
                    ],
                    [
                        [
                            -103.435468199115817,
                            25.531568470875541
                        ],
                        [
                            -103.435464279158722,
                            25.531699345917136
                        ],
                        [
                            -103.435636757269862,
                            25.531699345917136
                        ]
                    ],
                    [
                        [
                            -103.435635777280538,
                            25.531563165127594
                        ],
                        [
                            -103.435592657752736,
                            25.531451744366617
                        ],
                        [
                            -103.435550518214256,
                            25.53141548838239
                        ],
                        [
                            -103.435569138010337,
                            25.531397802532453
                        ],
                        [
                            -103.435530918428896,
                            25.531348282138747
                        ]
                    ],
                    [
                        [
                            -103.435628740446603,
                            25.532477743300962
                        ],
                        [
                            -103.435625680010503,
                            25.532477671881377
                        ]
                    ],
                    [
                        [
                            -103.435624301195503,
                            25.532261187362984
                        ],
                        [
                            -103.435625680010503,
                            25.532477671881377
                        ]
                    ],
                    [
                        [
                            -103.435625680010503,
                            25.532477671881377
                        ],
                        [
                            -103.435496774841582,
                            25.532474663697737
                        ],
                        [
                            -103.435499050110636,
                            25.532715899044724
                        ]
                    ],
                    [
                        [
                            -103.435624301195503,
                            25.532261187362984
                        ],
                        [
                            -103.435624679680359,
                            25.532261187362984
                        ]
                    ],
                    [
                        [
                            -103.435499045495064,
                            25.532261187362984
                        ],
                        [
                            -103.435624301195503,
                            25.532261187362984
                        ]
                    ],
                    [
                        [
                            -103.435491953242689,
                            25.532044513559256
                        ],
                        [
                            -103.435623666501471,
                            25.532001544446185
                        ]
                    ],
                    [
                        [
                            -103.43562265332254,
                            25.5329925728396
                        ],
                        [
                            -103.43562265332254,
                            25.532718303808494
                        ]
                    ],
                    [
                        [
                            -103.435614531018018,
                            25.534028945812782
                        ],
                        [
                            -103.435613420004344,
                            25.534028929511962
                        ]
                    ],
                    [
                        [
                            -103.435613420004344,
                            25.534028929511962
                        ],
                        [
                            -103.435609109236054,
                            25.534184518736559
                        ],
                        [
                            -103.435527782506369,
                            25.534185497181983
                        ],
                        [
                            -103.43552344508079,
                            25.534386078325149
                        ],
                        [
                            -103.435292477168574,
                            25.534383142993764
                        ],
                        [
                            -103.435284886673813,
                            25.534178648063861
                        ],
                        [
                            -103.435407076657043,
                            25.534181575200456
                        ]
                    ],
                    [
                        [
                            -103.435613420004344,
                            25.534028929511962
                        ],
                        [
                            -103.435347779344738,
                            25.534025032025927
                        ],
                        [
                            -103.435347703821051,
                            25.533988573168138
                        ]
                    ],
                    [
                        [
                            -103.435613237527491,
                            25.531116597168076
                        ],
                        [
                            -103.435580471650113,
                            25.531334866075483
                        ]
                    ],
                    [
                        [
                            -103.435578937903088,
                            25.531335017744112
                        ],
                        [
                            -103.435580471650113,
                            25.531334866075483
                        ]
                    ],
                    [
                        [
                            -103.435580471650113,
                            25.531334866075483
                        ],
                        [
                            -103.435579917892355,
                            25.531338554916157
                        ],
                        [
                            -103.435395679910002,
                            25.531370389459898
                        ]
                    ],
                    [
                        [
                            -103.435407076657043,
                            25.534181575200456
                        ],
                        [
                            -103.435529951219166,
                            25.534184518736559
                        ]
                    ],
                    [
                        [
                            -103.435527049919628,
                            25.534469516238179
                        ],
                        [
                            -103.435524400203818,
                            25.534469577543508
                        ]
                    ],
                    [
                        [
                            -103.435525388146814,
                            25.534383107177021
                        ],
                        [
                            -103.435524400203818,
                            25.534469577543508
                        ]
                    ],
                    [
                        [
                            -103.435524400203818,
                            25.534469577543508
                        ],
                        [
                            -103.435409287442113,
                            25.534472240857628
                        ]
                    ],
                    [
                        [
                            -103.435346838522136,
                            25.533570852448459
                        ],
                        [
                            -103.435516950572591,
                            25.533570852448459
                        ]
                    ],
                    [
                        [
                            -103.4354939240432,
                            25.532474896807614
                        ],
                        [
                            -103.435238885558306,
                            25.532474466654872
                        ]
                    ],
                    [
                        [
                            -103.434704841650216,
                            25.5351514516171
                        ],
                        [
                            -103.434701705421205,
                            25.535223905171829
                        ],
                        [
                            -103.434613502220301,
                            25.535256592911814
                        ],
                        [
                            -103.434616652334583,
                            25.535457693377055
                        ],
                        [
                            -103.435408118557092,
                            25.535456272173523
                        ],
                        [
                            -103.43541363125712,
                            25.535150002422494
                        ]
                    ],
                    [
                        [
                            -103.434939651576471,
                            25.53515258592892
                        ],
                        [
                            -103.43541205523843,
                            25.535153211860987
                        ],
                        [
                            -103.435411581991715,
                            25.535036777248784
                        ]
                    ],
                    [
                        [
                            -103.435411581991715,
                            25.535036777248784
                        ],
                        [
                            -103.435411047011286,
                            25.534905154065626
                        ]
                    ],
                    [
                        [
                            -103.435411581991715,
                            25.535036777248784
                        ],
                        [
                            -103.435410898929547,
                            25.535036771594271
                        ]
                    ],
                    [
                        [
                            -103.435411047011286,
                            25.534905154065626
                        ],
                        [
                            -103.435410162545608,
                            25.534687545754963
                        ]
                    ],
                    [
                        [
                            -103.435408872571713,
                            25.53490512478135
                        ],
                        [
                            -103.435411047011286,
                            25.534905154065626
                        ]
                    ],
                    [
                        [
                            -103.435410162545608,
                            25.534687545754963
                        ],
                        [
                            -103.435409287442113,
                            25.534472240857628
                        ]
                    ],
                    [
                        [
                            -103.435408872571713,
                            25.534687541537661
                        ],
                        [
                            -103.435410162545608,
                            25.534687545754963
                        ]
                    ],
                    [
                        [
                            -103.435409317031215,
                            25.534688970977822
                        ],
                        [
                            -103.434992607428541,
                            25.534701100244046
                        ]
                    ],
                    [
                        [
                            -103.435409287442113,
                            25.534472240857628
                        ],
                        [
                            -103.435407688468942,
                            25.534472277852377
                        ]
                    ],
                    [
                        [
                            -103.435409287442113,
                            25.534472240857628
                        ],
                        [
                            -103.435408940080194,
                            25.534386778139389
                        ]
                    ],
                    [
                        [
                            -103.435085310533736,
                            25.53440231693974
                        ],
                        [
                            -103.435084290350432,
                            25.534454787628039
                        ],
                        [
                            -103.43540870865229,
                            25.534452946551653
                        ]
                    ],
                    [
                        [
                            -103.435407076657043,
                            25.534181575200456
                        ],
                        [
                            -103.435407076657043,
                            25.534027924113218
                        ]
                    ],
                    [
                        [
                            -103.435407076657043,
                            25.534183583794608
                        ],
                        [
                            -103.435407076657043,
                            25.534181575200456
                        ]
                    ],
                    [
                        [
                            -103.435391759952921,
                            25.531559627962171
                        ],
                        [
                            -103.435390797276355,
                            25.531559630472774
                        ]
                    ],
                    [
                        [
                            -103.435390797276355,
                            25.531559630472774
                        ],
                        [
                            -103.435052683666214,
                            25.531560512253538
                        ],
                        [
                            -103.434984084417437,
                            25.531820493632434
                        ],
                        [
                            -103.435025243966706,
                            25.531915996854586
                        ],
                        [
                            -103.435023283988173,
                            25.532076937297674
                        ],
                        [
                            -103.435246721541247,
                            25.532076937297674
                        ]
                    ],
                    [
                        [
                            -103.43534975207352,
                            25.533988567976568
                        ],
                        [
                            -103.435347703821051,
                            25.533988573168138
                        ]
                    ],
                    [
                        [
                            -103.435347703821051,
                            25.533988573168138
                        ],
                        [
                            -103.434610421183166,
                            25.533990441909843
                        ],
                        [
                            -103.434611028846447,
                            25.534013745173699
                        ]
                    ],
                    [
                        [
                            -103.435347703821051,
                            25.533988573168138
                        ],
                        [
                            -103.435347189465404,
                            25.533740269366863
                        ]
                    ],
                    [
                        [
                            -103.435347675301387,
                            25.533740271558788
                        ],
                        [
                            -103.435347189465404,
                            25.533740269366863
                        ]
                    ],
                    [
                        [
                            -103.435347189465404,
                            25.533740269366863
                        ],
                        [
                            -103.435346838522136,
                            25.533570852448459
                        ]
                    ],
                    [
                        [
                            -103.435347189465404,
                            25.533740269366863
                        ],
                        [
                            -103.435074579761775,
                            25.533739039445084
                        ]
                    ],
                    [
                        [
                            -103.435346362410328,
                            25.533570852448459
                        ],
                        [
                            -103.435346838522136,
                            25.533570852448459
                        ]
                    ],
                    [
                        [
                            -103.435346838522136,
                            25.533570852448459
                        ],
                        [
                            -103.435346694988311,
                            25.53350156188414
                        ],
                        [
                            -103.435323511803944,
                            25.533503102983644
                        ]
                    ],
                    [
                        [
                            -103.435256005452743,
                            25.533233627105194
                        ],
                        [
                            -103.43532385439363,
                            25.533292808843193
                        ]
                    ],
                    [
                        [
                            -103.43528433375036,
                            25.534196574391252
                        ],
                        [
                            -103.435174081208899,
                            25.534197079386043
                        ]
                    ],
                    [
                        [
                            -103.43526196162928,
                            25.5329925728396
                        ],
                        [
                            -103.435235759460383,
                            25.532713400969424
                        ]
                    ],
                    [
                        [
                            -103.43472672396932,
                            25.533231765230127
                        ],
                        [
                            -103.434724515142591,
                            25.532987609908506
                        ],
                        [
                            -103.435260155627418,
                            25.532987609908506
                        ]
                    ],
                    [
                        [
                            -103.435256005452743,
                            25.533233627105194
                        ],
                        [
                            -103.434722087546277,
                            25.533233627105197
                        ]
                    ],
                    [
                        [
                            -103.435255596322065,
                            25.533233270237947
                        ],
                        [
                            -103.435256005452743,
                            25.533233627105194
                        ]
                    ],
                    [
                        [
                            -103.435238885558306,
                            25.532474466654872
                        ],
                        [
                            -103.435248018556365,
                            25.532038768721886
                        ],
                        [
                            -103.435494167458089,
                            25.532045617962211
                        ],
                        [
                            -103.435498504883682,
                            25.5322618580627
                        ],
                        [
                            -103.435244765487155,
                            25.532258922679326
                        ]
                    ],
                    [
                        [
                            -103.435241398584608,
                            25.532333848886065
                        ],
                        [
                            -103.435012877516641,
                            25.532332928331602
                        ],
                        [
                            -103.435023079350003,
                            25.532072411132297
                        ]
                    ],
                    [
                        [
                            -103.435233882802933,
                            25.532713127624739
                        ],
                        [
                            -103.435238885558306,
                            25.532474466654872
                        ]
                    ],
                    [
                        [
                            -103.435238885558306,
                            25.532474466654872
                        ],
                        [
                            -103.434872929798942,
                            25.532473849426957
                        ]
                    ],
                    [
                        [
                            -103.435235759460383,
                            25.532713400969424
                        ],
                        [
                            -103.435235618977529,
                            25.532711904190279
                        ]
                    ],
                    [
                        [
                            -103.435235759460383,
                            25.532713400969424
                        ],
                        [
                            -103.435233877469585,
                            25.532713382057111
                        ],
                        [
                            -103.435233882802933,
                            25.532713127624739
                        ]
                    ],
                    [
                        [
                            -103.435233882802933,
                            25.532713127624739
                        ],
                        [
                            -103.435234988364016,
                            25.532713132701538
                        ]
                    ],
                    [
                        [
                            -103.434939732549722,
                            25.532711776869807
                        ],
                        [
                            -103.435233882802933,
                            25.532713127624739
                        ]
                    ],
                    [
                        [
                            -103.435233574962709,
                            25.532076187265051
                        ],
                        [
                            -103.435230594211404,
                            25.531816116712843
                        ]
                    ],
                    [
                        [
                            -103.435175086667599,
                            25.534284487941999
                        ],
                        [
                            -103.435083154735523,
                            25.534284487941999
                        ]
                    ],
                    [
                        [
                            -103.435174081208899,
                            25.534197079386043
                        ],
                        [
                            -103.435176106850946,
                            25.53432959436887
                        ],
                        [
                            -103.435083826126515,
                            25.53432780367196
                        ]
                    ],
                    [
                        [
                            -103.435174066484251,
                            25.53419611611773
                        ],
                        [
                            -103.435174081208899,
                            25.534197079386043
                        ]
                    ],
                    [
                        [
                            -103.43508503547595,
                            25.534405826545221
                        ],
                        [
                            -103.435083826126515,
                            25.53432780367196
                        ]
                    ],
                    [
                        [
                            -103.435083826126515,
                            25.53432780367196
                        ],
                        [
                            -103.435083154735523,
                            25.534284487941999
                        ]
                    ],
                    [
                        [
                            -103.435083826126515,
                            25.53432780367196
                        ],
                        [
                            -103.435081229800417,
                            25.534327753290551
                        ]
                    ],
                    [
                        [
                            -103.435083154735523,
                            25.534284487941999
                        ],
                        [
                            -103.435081229800417,
                            25.534284487941999
                        ]
                    ],
                    [
                        [
                            -103.435083154735523,
                            25.534284487941999
                        ],
                        [
                            -103.435082261197635,
                            25.53422684009351
                        ]
                    ],
                    [
                        [
                            -103.434984353422578,
                            25.53446089924585
                        ],
                        [
                            -103.435082261197635,
                            25.53446089924585
                        ]
                    ],
                    [
                        [
                            -103.434611028846447,
                            25.534013745173699
                        ],
                        [
                            -103.434616651499681,
                            25.534229368162457
                        ],
                        [
                            -103.435076656533965,
                            25.534227494232915
                        ]
                    ],
                    [
                        [
                            -103.435074579761775,
                            25.533739039445084
                        ],
                        [
                            -103.435074579761775,
                            25.533738397621605
                        ]
                    ],
                    [
                        [
                            -103.435074579761775,
                            25.533988567976564
                        ],
                        [
                            -103.435074579761775,
                            25.533739039445084
                        ]
                    ],
                    [
                        [
                            -103.435074579761775,
                            25.533739039445084
                        ],
                        [
                            -103.434725343978187,
                            25.533737463812628
                        ]
                    ],
                    [
                        [
                            -103.434764606327462,
                            25.534589819332542
                        ],
                        [
                            -103.434765993466641,
                            25.53446089924585
                        ],
                        [
                            -103.434984353422578,
                            25.53446089924585
                        ]
                    ],
                    [
                        [
                            -103.434984353422578,
                            25.53446089924585
                        ],
                        [
                            -103.434992456038174,
                            25.534701254778973
                        ],
                        [
                            -103.434773609392849,
                            25.534703083211031
                        ],
                        [
                            -103.434766517140474,
                            25.534590634587794
                        ],
                        [
                            -103.434740230512602,
                            25.534590634587794
                        ]
                    ],
                    [
                        [
                            -103.434984350606868,
                            25.534460815720923
                        ],
                        [
                            -103.434984353422578,
                            25.53446089924585
                        ]
                    ],
                    [
                        [
                            -103.434939997153833,
                            25.535115790969179
                        ],
                        [
                            -103.434939651576471,
                            25.53515258592892
                        ]
                    ],
                    [
                        [
                            -103.434939651576471,
                            25.53515258592892
                        ],
                        [
                            -103.434939211604174,
                            25.535199431482653
                        ]
                    ],
                    [
                        [
                            -103.434461931973445,
                            25.534748445518062
                        ],
                        [
                            -103.434703875930552,
                            25.534750319439464
                        ],
                        [
                            -103.434704914316626,
                            25.535152274903435
                        ],
                        [
                            -103.434939651576471,
                            25.53515258592892
                        ]
                    ],
                    [
                        [
                            -103.434888708653133,
                            25.533987631009918
                        ],
                        [
                            -103.434888708653133,
                            25.533738397621605
                        ]
                    ],
                    [
                        [
                            -103.434866984467405,
                            25.532984620248428
                        ],
                        [
                            -103.434862566813919,
                            25.532759398974857
                        ],
                        [
                            -103.434940980163248,
                            25.53276139208533
                        ],
                        [
                            -103.434937666923133,
                            25.532633832948459
                        ],
                        [
                            -103.434816181452362,
                            25.532634829504744
                        ],
                        [
                            -103.434816181452362,
                            25.532477373509401
                        ],
                        [
                            -103.434873610947633,
                            25.532474383836611
                        ]
                    ],
                    [
                        [
                            -103.434774622571766,
                            25.534703997427044
                        ],
                        [
                            -103.434702686868874,
                            25.534703083211031
                        ],
                        [
                            -103.434700660511083,
                            25.534748794003342
                        ]
                    ],
                    [
                        [
                            -103.434740230512602,
                            25.534590634587794
                        ],
                        [
                            -103.434738148130862,
                            25.534590634587794
                        ]
                    ],
                    [
                        [
                            -103.434740230512602,
                            25.534590634587794
                        ],
                        [
                            -103.434740219443441,
                            25.534591972977712
                        ],
                        [
                            -103.434621843430094,
                            25.534590099053837
                        ],
                        [
                            -103.434621843430094,
                            25.534749382478754
                        ]
                    ],
                    [
                        [
                            -103.434592569397878,
                            25.533741216676329
                        ],
                        [
                            -103.434725601505704,
                            25.533741216676329
                        ],
                        [
                            -103.434725343978187,
                            25.533737463812628
                        ]
                    ],
                    [
                        [
                            -103.434725343978187,
                            25.533737463812628
                        ],
                        [
                            -103.434708599557055,
                            25.533493452882141
                        ]
                    ],
                    [
                        [
                            -103.434725343978187,
                            25.533737463812628
                        ],
                        [
                            -103.434724643652189,
                            25.533737460652997
                        ]
                    ],
                    [
                        [
                            -103.434611028846447,
                            25.534013745173699
                        ],
                        [
                            -103.434611743813178,
                            25.534013773223073
                        ]
                    ],
                    [
                        [
                            -103.434592569397878,
                            25.533741216676329
                        ],
                        [
                            -103.434585979509791,
                            25.534012762445141
                        ],
                        [
                            -103.434611028846447,
                            25.534013745173699
                        ]
                    ],
                    [
                        [
                            -103.434592700632379,
                            25.533735808971038
                        ],
                        [
                            -103.434592569397878,
                            25.533741216676329
                        ]
                    ],
                    [
                        [
                            -103.434588735819077,
                            25.533323929991212
                        ],
                        [
                            -103.434592136208792,
                            25.533741216676329
                        ],
                        [
                            -103.434592569397878,
                            25.533741216676329
                        ]
                    ],
                    [
                        [
                            -103.434462824029438,
                            25.534748102856156
                        ],
                        [
                            -103.434427205313412,
                            25.534748102856156
                        ],
                        [
                            -103.434431522733519,
                            25.534853287031748
                        ],
                        [
                            -103.434457427254316,
                            25.534955549336264
                        ],
                        [
                            -103.43425019108814,
                            25.534956523262547
                        ],
                        [
                            -103.434235080117688,
                            25.534897113744361
                        ],
                        [
                            -103.434128223969509,
                            25.534899061597887
                        ],
                        [
                            -103.434047272342099,
                            25.535040280893945
                        ]
                    ]
                ]
            }
        }
    ]
}